{
    "bacteria_parameters": {
        "a_1B": 0.0,
        "a_4B": 0.0,
        "b_B": 1.1574074074074074e-07,
        "bact_version": 1,
        "beta_B": 0.0,
        "d_0B": 1.1574074074074074e-06,
        "d_B_d": 0.0,
        "gamma_B_O": 0.2,
        "gamma_B_a": 0.6,
        "h_B_O": 30.0,
        "h_B_n": 5.0,
        "h_B_p": 1.0,
        "n_B_min": 0.0167,
        "n_B_opt": 0.0167,
        "p_B_min": 0.00185,
        "p_B_opt": 0.00185,
        "r_0B": 9.699074074074075e-05,
        "v_0B_r1": 0.0,
        "v_B_c": 1.1574074074074073e-05,
        "v_B_n": 1.1574074074074073e-05,
        "v_B_p": 1.1574074074074073e-05,
        "v_B_r1": 3.472222222222222e-06,
        "v_B_r2": 0.0,
        "v_B_r3": 0.0,
        "v_B_r6": 1.1574074074074074e-07
    },
    "co2_flux_parameters": {
        "atm_co2_0": 370.0,
        "c1": 2073.1,
        "c2": 125.62,
        "c3": 3.6276,
        "c4": 0.043219,
        "d": 0.31,
        "m2maxit": 100.0,
        "m2phdelt": 0.3,
        "m2xacc": 1e-10,
        "ph_initial": 8.1,
        "schmidt_o3c": 660.0
    },
    "constants": {
        "c_to_kelvin": 273.15,
        "cm2m": 0.01,
        "e2w": 0.217,
        "epsilon_c": 0.6,
        "epsilon_n": 0.72,
        "epsilon_p": 0.832,
        "g_per_mg": 0.001,
        "hours_per_day": 24.0,
        "mol_per_mmol": 0.001,
        "omega_c": 0.08333333333333333,
        "omega_dn": 1.25,
        "omega_n": 2.0,
        "omega_nr": 0.625,
        "omega_r": 0.5,
        "p_small": 1e-20,
        "sec_per_day": 86400.0,
        "uatm_per_atm": 1000000.0,
        "umol_per_mol": 1000000.0
    },
    "environmental_parameters": {
        "basetemp": 10.0,
        "c_r6": 0.0001,
        "del_z": 5.0,
        "epsilon_PAR": 0.4,
        "p_eps0": 0.0435,
        "p_epsESS": 4e-05,
        "p_epsR6": 0.0001,
        "q10b": 2.95,
        "q10n": 2.367,
        "q10n5": 1.49,
        "q10p": 2.0,
        "q10z": 2.0,
        "w_win":20.0,
        "w_sum":10.0,
        "t_win":8.0,
        "t_sum":28.0,
        "tde": 1.0,
        "s_win":37.0,
        "s_sum":34.0,
        "qs_win": 20.0,
        "qs_sum": 300.0
    },
    "mesozoo3_parameters": {
        "bZ": 1.1574074074074074e-07,
        "betaZ": 0.3,
        "d_Z": 2.3148148148148148e-07,
        "d_Zdns": 1.1574074074074074e-07,
        "etaZ": 0.6,
        "gammaZ": 2.0,
        "n_Zopt": 0.015,
        "nu_z": 2.8935185185185185e-07,
        "p_Zopt": 0.00167,
        "r_Z0": 2.3148148148148147e-05,
        "z_o2o": 30.0
    },
    "mesozoo4_parameters": {
        "bZ": 2.3148148148148148e-07,
        "betaZ": 0.35,
        "d_Z": 2.3148148148148148e-07,
        "d_Zdns": 1.1574074074074074e-07,
        "etaZ": 0.6,
        "gammaZ": 2.0,
        "n_Zopt": 0.015,
        "nu_z": 2.8935185185185185e-07,
        "p_Zopt": 0.00167,
        "r_Z0": 2.3148148148148147e-05,
        "z_o2o": 30.0
    },
    "microzoo5_parameters": {
        "bZ": 2.3148148148148148e-07,
        "betaZ": 0.4,
        "d_Z": 5.787037037037037e-07,
        "d_ZO": 2.8935185185185184e-06,
        "etaZ": 0.6,
        "h_Z_F": 20.0,
        "mu_z": 20.0,
        "n_Zopt": 0.0167,
        "p_Zopt": 0.00185,
        "r_Z0": 2.3148148148148147e-05,
        "z_o2o": 0.5
    },
    "microzoo6_parameters": {
        "bZ": 2.3148148148148148e-07,
        "betaZ": 0.3,
        "d_Z": 5.787037037037037e-07,
        "d_ZO": 2.8935185185185184e-06,
        "etaZ": 0.5,
        "h_Z_F": 20.0,
        "mu_z": 20.0,
        "n_Zopt": 0.0167,
        "p_Zopt": 0.00185,
        "r_Z0": 4.6296296296296294e-05,
        "z_o2o": 0.5
    },
    "oxygen_reaeration_parameters": {
        "d": 0.31,
        "k1": 1953.4,
        "k2": 128.0,
        "k3": 3.9918,
        "k4": 0.050091,
        "schmidt_o2o": 660.0
    },
    "pel_chem_parameters": {
        "calc_alkalinity": false,
        "h_o": 10.0,
        "h_r": 1.0,
        "lambda_N3denit": 4.050925925925926e-06,
        "lambda_N4nit": 1.1574074074074074e-07,
        "lambda_N6reox": 5.787037037037037e-07,
        "lambda_srmn": 2.3148148148148148e-07,
        "m_o": 1.1574074074074073e-05
    },
    "phyto1_parameters": {
        "a_Fe": 2.3148148148148148e-09,
        "a_N": 2.8935185185185185e-07,
        "a_P": 2.8935185185185185e-07,
        "a_S": 0.0,
        "alpha_chl": 1.38e-05,
        "bP": 1.1574074074074074e-07,
        "betaP": 0.05,
        "c_P": 0.03,
        "chl_switch": 1,
        "d_P0": 5.787037037037037e-07,
        "gammaP": 0.1,
        "h_Pn": 1.0,
        "h_Pnp": 0.1,
        "h_Ps": 1.0,
        "p_seo": 0.0,
        "p_sheo": 0.0,
        "p_temp": 0.0,
        "phi_Nmax": 0.0252,
        "phi_Nmin": 0.004193,
        "phi_Nopt": 0.0126,
        "phi_Pmax": 0.001572,
        "phi_Pmin": 0.00018,
        "phi_Popt": 0.000786,
        "phi_Smin": 0.0,
        "phi_Sopt": 0.01,
        "rP0": 2.3148148148148147e-05,
        "rho_Ps": 0.0,
        "si_switch": 1,
        "theta_chl0": 0.025
    },
    "phyto2_parameters": {
        "a_Fe": 2.3148148148148148e-09,
        "a_N": 2.8935185185185185e-07,
        "a_P": 2.8935185185185185e-07,
        "a_S": 0.0,
        "alpha_chl": 4.6e-06,
        "bP": 5.787037037037037e-07,
        "betaP": 0.2,
        "c_P": 0.03,
        "chl_switch": 1,
        "d_P0": 5.787037037037037e-07,
        "gammaP": 0.2,
        "h_Pn": 1.0,
        "h_Pnp": 0.1,
        "h_Ps": 0.0,
        "p_seo": 0.0,
        "p_sheo": 0.0,
        "p_temp": 0.0,
        "phi_Nmax": 0.0252,
        "phi_Nmin": 0.004193,
        "phi_Nopt": 0.0126,
        "phi_Pmax": 0.001572,
        "phi_Pmin": 0.00018,
        "phi_Popt": 0.000786,
        "phi_Smin": 0.0,
        "phi_Sopt": 0.0,
        "rP0": 2.8935185185185186e-05,
        "rho_Ps": 0.0,
        "si_switch": 0,
        "theta_chl0": 0.015
    },
    "phyto3_parameters": {
        "a_Fe": 2.3148148148148148e-09,
        "a_N": 2.8935185185185184e-06,
        "a_P": 2.8935185185185184e-06,
        "a_S": 0.0,
        "alpha_chl": 1.52e-05,
        "bP": 1.1574074074074074e-06,
        "betaP": 0.2,
        "c_P": 0.03,
        "chl_switch": 1,
        "d_P0": 5.787037037037037e-07,
        "gammaP": 0.25,
        "h_Pn": 0.0,
        "h_Pnp": 0.1,
        "h_Ps": 0.0,
        "p_seo": 0.0,
        "p_sheo": 0.0,
        "p_temp": 0.75,
        "phi_Nmax": 0.0252,
        "phi_Nmin": 0.004193,
        "phi_Nopt": 0.0126,
        "phi_Pmax": 0.001572,
        "phi_Pmin": 0.00018,
        "phi_Popt": 0.000786,
        "phi_Smin": 0.0,
        "phi_Sopt": 0.0,
        "rP0": 3.472222222222222e-05,
        "rho_Ps": 0.0,
        "si_switch": 0,
        "theta_chl0": 0.02
    },
    "phyto4_parameters": {
        "a_Fe": 2.3148148148148148e-09,
        "a_N": 2.8935185185185185e-07,
        "a_P": 2.8935185185185185e-07,
        "a_S": 0.0,
        "alpha_chl": 6.8e-06,
        "bP": 1.1574074074074074e-06,
        "betaP": 0.05,
        "c_P": 0.03,
        "chl_switch": 1,
        "d_P0": 0.0,
        "gammaP": 0.1,
        "h_Pn": 1.0,
        "h_Pnp": 0.1,
        "h_Ps": 0.0,
        "p_seo": 0.0,
        "p_sheo": 100.0,
        "p_temp": 0.0,
        "phi_Nmax": 0.0252,
        "phi_Nmin": 0.00687,
        "phi_Nopt": 0.0126,
        "phi_Pmax": 0.001572,
        "phi_Pmin": 0.000429,
        "phi_Popt": 0.000786,
        "phi_Smin": 0.0,
        "phi_Sopt": 0.0,
        "rP0": 8.680555555555556e-06,
        "rho_Ps": 0.0,
        "si_switch": 0,
        "theta_chl0": 0.02
    },
    "zoo_availability_parameters": {
        "del_z3p1": 0.0,
        "del_z3p2": 0.0,
        "del_z3p3": 0.0,
        "del_z3p4": 0.0,
        "del_z3z3": 1.0,
        "del_z3z4": 1.0,
        "del_z3z5": 0.0,
        "del_z3z6": 0.0,
        "del_z4p1": 1.0,
        "del_z4p2": 0.0,
        "del_z4p3": 0.0,
        "del_z4p4": 0.7,
        "del_z4z3": 0.0,
        "del_z4z4": 1.0,
        "del_z4z5": 1.0,
        "del_z4z6": 0.0,
        "del_z5b1": 0.1,
        "del_z5p1": 0.2,
        "del_z5p2": 1.0,